Name,Roll,Time
12345,23:51:48
12345,23:51:48
12345,23:51:48
12345,23:51:48
12345,23:51:48
12345,23:51:48
12345,23:51:48
12345,23:51:49
12345,23:51:49
12345,23:51:49
12345,23:51:49
12345,23:51:49
12345,23:51:49
12345,23:51:49
12345,23:51:49
12345,23:51:49
12345,23:51:49
12345,23:51:49
12345,23:51:49
12345,23:51:49
12345,23:51:50
12345,23:51:50
12345,23:51:50
12345,23:51:50
12345,23:51:50
12345,23:51:50
12345,23:51:50
12345,23:51:50
12345,23:51:50
12345,23:51:50
12345,23:51:50
12345,23:51:51
12345,23:51:51
12345,23:51:51
12345,23:51:51
12345,23:51:51
12345,23:51:51
12345,23:51:51
12345,23:51:51
12345,23:51:51
12345,23:51:52
12345,23:51:52
12345,23:51:52
12345,23:51:52
12345,23:51:52
12345,23:51:52
12345,23:51:52
12345,23:51:52
12345,23:51:52
12345,23:51:52
12345,23:51:52
12345,23:51:53
12345,23:51:53
12345,23:51:53
12345,23:51:53
12345,23:51:53
12345,23:51:53
12345,23:51:54
12345,23:51:54
12345,23:51:54
12345,23:51:54
12345,23:51:54
12345,23:51:54
12345,23:51:54
12345,23:51:54
12345,23:51:54
12345,23:51:54
12345,23:51:54
12345,23:51:54
12345,23:51:55
12345,23:51:55
12345,23:51:55
12345,23:51:55
12345,23:51:55
12345,23:51:55
12345,23:51:55
12345,23:51:56
12345,23:51:56
12345,23:51:56
12345,23:51:56
12345,23:51:56
12345,23:51:56
12345,23:51:56
12345,23:51:56
12345,23:51:56
12345,23:51:56
12345,23:51:56
12345,23:51:56
12345,23:51:56
12345,23:51:56
12345,23:51:57
12345,23:51:57
12345,23:51:57
12345,23:51:57
12345,23:51:57
12345,23:51:57
12345,23:51:57
12345,23:51:57
12345,23:51:58
12345,23:51:58
12345,23:51:58
12345,23:51:58
12345,23:51:58
12345,23:51:58
12345,23:51:58
12345,23:51:58
12345,23:51:58
12345,23:51:58
12345,23:51:58
12345,23:51:59
12345,23:51:59
12345,23:51:59
12345,23:51:59
12345,23:51:59
12345,23:51:59
12345,23:51:59
12345,23:51:59
12345,23:51:59
12345,23:51:59
12345,23:51:59
12345,23:52:00
12345,23:52:00
12345,23:52:00
12345,23:52:00
12345,23:52:00
12345,23:52:01
12345,23:52:01
12345,23:52:01
12345,23:52:01
12345,23:52:01
12345,23:52:01
12345,23:52:01
12345,23:52:01
12345,23:52:01
12345,23:52:01
12345,23:52:01
12345,23:52:02
12345,23:52:02
12345,23:52:02
12345,23:52:02
12345,23:52:02
12345,23:52:02
12345,23:52:02
12345,23:52:02
12345,23:52:02
12345,23:52:02
12345,23:52:03
12345,23:52:03
12345,23:52:03
12345,23:52:03
12345,23:52:03
12345,23:52:03
12345,23:52:03
12345,23:52:03
12345,23:52:03
12345,23:52:28
12345,23:52:28
12345,23:52:28
12345,23:52:28
12345,23:52:28
12345,23:52:28
12345,23:52:28
12345,23:52:28
12345,23:52:28
12345,23:52:28
12345,23:52:29
12345,23:52:29
12345,23:52:29
12345,23:52:29
12345,23:52:29
12345,23:52:29
12345,23:52:29
12345,23:52:29
12345,23:52:29
12345,23:52:30
12345,23:52:30
12345,23:52:30
12345,23:52:30
12345,23:52:30
12345,23:52:30
12345,23:52:30
12345,23:52:30
12345,23:52:30
12345,23:52:30